voice_id,source_id,program_id,learner_status,occupation_self_reported,experience_self_reported,location_self_reported,motivation,work_problem,selection_reason,barrier,payer,paid_amount,stated_budget,outcome,short_verbatim_excerpt,published_date,provider_curated,limitation
M-V201,M-S203,AIM Academy – Performance Digital Marketing,actual_learner,,,,,"Mục tiêu học: Lập ngân sách, Tối ưu, kiểm soát KPI, Kiểm soát Agency",,Giáo trình chắp vá và các buổi không xâu chuỗi; nội dung quá cơ bản so với đầu vào đã kiểm tra; giảng viên không ổn định và 60%-70% thiếu kinh nghiệm truyền đạt; bài tốt nghiệp không được phân tích hay định hướng tối ưu; tốn thời gian đi học,,,,HOÀN TOÀN THẤT VỌNG VÀ TIẾC TIỀN; từ chối đề nghị học lại của trung tâm; quyết định không học thêm bất kỳ khóa nào của AIM; khuyên người khác để dành tiền tự chạy tự học,"Mục tiêu của mình rất rõ ràng: Lập ngân sách, Tối ưu, kiểm soát KPI, Kiểm soát Agency.",,no,"ngày đăng và năm của khóa học không rõ; nghề nghiệp, địa phương, kinh phí đã trả, nguồn chi trả không nêu; góc nhìn một chiều của 1 học viên"
M-V202,M-S204,CAS Việt Nam – Digital Marketing,actual_learner,,,,Phát triển kỹ năng và kiến thức trong ngành tiếp thị số,,,,,,,"Học cách xây dựng chiến lược; thực hành SEO bài bản, quảng cáo đa kênh (TikTok, Google Ads, Facebook Ads); hiểu cách điều chỉnh nội dung với ngân sách hợp lý; tự báo giúp ích nhiều trong công việc thực tế",khóa học này thực sự giúp ích rất nhiều trong công việc thực tế,2024-10 (ước tính),unknown,"tài khoản diễn đàn ẩn danh, không có nghề nghiệp/địa phương/kinh nghiệm; giọng văn quảng bá; không có tuyên bố tài trợ nhưng chưa xác minh quan hệ với NCC"
M-V203,M-S202,WMS – Chuyên gia Digital Marketing,actual_learner,Deputy Director – Nha Go Furniture,,,Thiết lập chiến dịch quảng cáo nhắm đúng khách hàng mục tiêu và tiết kiệm chi phí; có tầm nhìn bao quát về chiến lược marketing của doanh nghiệp,Giảng viên điều chỉnh bài giảng theo ngành/nghề và nhu cầu của từng học viên,,,,,,"Tự báo: đã thiết lập được các chiến dịch quảng cáo nhắm đúng khách hàng mục tiêu, tiết kiệm chi phí, tạo trải nghiệm khách hàng tốt; có tầm nhìn bao quát về chiến lược marketing của doanh nghiệp",,,yes,"do NCC đăng tải và chọn lọc; chưa xác minh độc lập; người kể: Nguyễn Thùy Dương — Deputy Director, Nha Go Furniture (theo trang gốc)"
M-V204,M-S202,WMS – IME (Internet Marketing Expert),actual_learner,SEO Executive – Hoozing Vietnam,Học trái ngành,,Theo đuổi ngành Digital Marketing,,,,,,,Tự báo tự tin hơn trên hành trình bước vào thế giới Digital Marketing; cho rằng tư duy tốt giúp giải quyết vấn đề khó của digital marketing,,,yes,"do NCC đăng tải và chọn lọc; chưa xác minh độc lập; người kể: Phạm Ngọc Hương Trang — SEO Executive, Hoozing Vietnam (theo trang gốc)"
M-V205,M-S202,WMS – khóa Internet Marketing của thầy Trần Trí Dũng,actual_learner,Account Manager,,,,,,,,,,"Tự báo: học marketing không đâu bằng; đánh giá ngắn, không nêu chi tiết",,,yes,"lời kể rất ngắn, ít dữ kiện; do NCC đăng tải và chọn lọc; người kể: Nguyễn Hữu Phước — Account Manager (theo trang gốc)"
M-V206,M-S202,WMS – khóa marketing của thầy Trần Trí Dũng,actual_learner,Business Development Manager,,,,,,,,,,Tự báo: có nền tảng kiến thức giúp ích công việc và định hướng kinh doanh,,,yes,do NCC đăng tải và chọn lọc; chưa xác minh độc lập; người kể: Phan Trọng Việt — Business Development Manager (theo trang gốc)
M-V207,M-S202,WMS – khóa Digital Marketing,actual_learner,CEO,,,,,,,,,,Tự báo: cảm ơn WMS và thầy Dũng đã chia sẻ kiến thức Marketing Online bằng tâm huyết,Cám ơn thầy Trần Trí Dũng đã chia sẻ những kiến thức trên cả tuyệt vời về Marketing Online,,yes,"do NCC đăng tải và chọn lọc; con số 1 triệu/60 triệu do người học tự báo, chưa xác minh; nguồn chi trả các khóa học không nêu; người kể: Nguyễn Tuấn Khanh — CEO (theo trang gốc wms.vn, đối chiếu 08/10/2026)"
M-V208,M-S202,WMS – khóa Digital Marketing,actual_learner,Business Development Director,"Đã trải qua nhiều khoá học khác nhau, mất rất nhiều kinh phí",,,Các khóa trước sao chép rập khuôn cách làm; digital marketing quá rộng với người không chuyên,,,,,,"Tự báo: học và hiểu kiến thức Digital Marketing; tự lên chiến dịch cho cá nhân; chi phí 1 triệu đồng, lợi nhuận 60 triệu đồng (tự báo, chưa xác minh)",chi phí 1 triệu đồng mình đã sinh lợi nhuận lên đến 60 triệu đồng,,yes,"do NCC đăng tải và chọn lọc; chưa xác minh độc lập; người kể: Hồ Thị Mỹ Cảm — Business Development Director (theo trang gốc wms.vn, đối chiếu 08/10/2026)"
M-V209,M-S202,WMS – lớp thầy Trần Trí Dũng,actual_learner,"CEO, Mint's Closet",Đã tham gia rất nhiều khóa học,,,,,,,,,Tự báo: được dạy nhiều kiến thức chưa từng nghe dù đã học nhiều khóa trước,Thầy Dũng dạy toàn những kiến thức mà tôi chưa bao giờ nghe,,yes,"do NCC đăng tải và chọn lọc; kết quả kinh doanh do người học tự báo, chưa xác minh; người kể: Nguyễn Hoàng Nam — CEO, Mint's Closet (theo trang gốc wms.vn, đối chiếu 08/10/2026)"
M-V210,M-S202,WMS – lớp Internet Marketing của thầy Trần Trí Dũng,actual_learner,"Business Owner, Nhà trọ SACH","Đã học nhiều lớp Marketing (FB Ads, Content, SEO); làm freelancer 2 năm",,"Chưa có sự bứt phá, chưa làm được việc lớn hơn",,,,,,,"Tự báo: hệ thống hóa tư duy (Research, Plan, Content, Tools, Ads, Optimization); lấp full 8 phòng trọ trong 1 tuần (tự báo, chưa xác minh)",lấp full 8 phòng trọ trong vòng 1 tuần chứ không qua môi giới,,yes,"do NCC đăng tải và chọn lọc; chưa xác minh độc lập; người kể: Dương Minh Huy — Business Owner, Nhà trọ SACH (theo trang gốc wms.vn, đối chiếu 08/10/2026)"
M-V211,M-S202,WMS – lớp thầy Trần Trí Dũng,actual_learner,Sales Manager,,,,,,,,,,Tự báo: những gì trải qua và kiểm chứng thực tế đúng như quảng cáo khóa học,Học xong là có thể 'run campaign' ngay với tư duy của một nhà marketing,,yes,"lời kể rất ngắn; do NCC đăng tải và chọn lọc; người kể: Trần Minh Tiến — Sales Manager (theo trang gốc wms.vn, đối chiếu 08/10/2026)"
M-V212,M-S202,WMS – lớp thầy Trần Trí Dũng,actual_learner,Business Woman,,,,,,,,,,Tự báo: được học lớp thầy là điều tuyệt vời nhất; thầy nhiệt tình truyền tải kiến thức,,,yes,lời kể rất ngắn; do NCC đăng tải và chọn lọc; người kể: Nguyễn Kỳ Anh — Business Woman (theo trang gốc)
M-V213,M-S207,CASK – Route to Market Strategy,actual_learner,CTCP Thực phẩm Á Châu,,,,Áp dụng ngay kiến thức vào thời điểm hiện tại; đã có sáng kiến trong lớp học,,,,,,Tự báo: chắc chắn sẽ ứng dụng được kiến thức trong khóa; ngay cả người mới hoàn toàn cũng hiểu và áp dụng được,Chắc chắn là sẽ ứng dụng được những kiến thức trong khoá!,,yes,do NCC đăng tải và chọn lọc; thời điểm học không rõ (trang ghi khai giảng khóa tương lai 16/01/2027)
M-V214,M-S207,CASK – Route to Market Strategy,actual_learner,Công ty TNHH UTOPI - Brand Dream Trend,,,,,,,,,,"Tự báo: kiến thức rất thực tế, vượt hoàn toàn ra khỏi mong đợi",,,yes,do NCC đăng tải và chọn lọc; thời điểm học không rõ
M-V215,M-S207,CASK – Route to Market Strategy,actual_learner,CTCP TNHH Dorco,,,,,"Giảng viên truyền đạt kỹ, lý thuyết xen kẽ thực hành hợp lý; một ngày hơn 100 slides nhưng không bị quá tải",,,,,Tự báo ấn tượng về con người và cách truyền đạt,,,yes,do NCC đăng tải và chọn lọc; thời điểm học không rõ
M-V216,M-S208,TM – Brand Development,actual_learner,Co-founder/Creative @Mềm,2 founder không có nhiều kiến thức về brand hay Marketing trước khóa học,,Có cái nhìn tổng quan về brand để làm việc với team Marketing; làm bài cuối khóa cho chính công ty mình,,,,,,,Tự báo: có cái nhìn tổng quan về thương hiệu và các kênh truyền thông; tự tối ưu framework cho phù hợp quy mô công ty nhỏ; dễ dàng hơn khi làm việc cùng team Marketing,"Trước khi tham gia khoá Brand Development ở TM, 2 founder không có nhiều kiến thức về brand hay Marketing.",,yes,do NCC đăng tải và chọn lọc; chưa xác minh độc lập
M-V217,M-S208,TM (cựu học viên),actual_learner,Marketing Manager @Thaco Auto (Peugeot Việt Nam),Hơn 10 năm kinh nghiệm trong ngành quảng cáo và marketing,,,,,,,,,Không mô tả chi tiết khóa đã học trong bài viết (bài viết là chia sẻ chuyên môn về chiến lược high-involvement),,,yes,"bài viết là phỏng vấn chuyên môn của alumni, không phải review khóa học; do NCC đăng tải"
M-V218,M-S208,TM (cựu học viên),actual_learner,"Harvard MBA Candidate, Class of 2027",Giai đoạn mid-career sau vài năm làm marketing,,Trăn trở mid-career: không còn hào hứng như thuở ban đầu; muốn thử sức ở sân chơi lớn hơn (chuyển từ marketing sang finance),,,,,,,Tự thuật hành trình chuyển hướng sự nghiệp và bài học từ việc chuyển ngành,,,yes,"bài viết về chuyển hướng sự nghiệp, không mô tả chi tiết khóa đã học; do NCC đăng tải"
M-V219,M-S209,CAS Việt Nam – Digital Marketing,actual_learner,"Chuyên viên Marketing, 28 tuổi",,,,,,,,,,Tự báo: nâng cao kỹ năng sử dụng công cụ SEO và tạo nội dung hấp dẫn cho các chiến dịch quảng cáo,,,yes,chỉ truy cập qua đoạn trích tìm kiếm; văn phong khuôn mẫu; chưa xác minh độc lập
M-V220,M-S209,CAS Việt Nam – Facebook Marketing,actual_learner,"Quản lý Social Media, 25 tuổi",,,,,,,,,,Tự báo: các mẹo và công cụ từ giảng viên giúp tăng tương tác và lượng follow trên fanpage của công ty,,,yes,chỉ truy cập qua đoạn trích tìm kiếm; văn phong khuôn mẫu; chưa xác minh độc lập
M-V221,M-S209,CAS Việt Nam – Google Adwords,actual_learner,"Chủ doanh nghiệp nhỏ, 30 tuổi",,,,,,,,,,Tự báo: hiểu rõ hơn cách tối ưu chiến dịch quảng cáo Google; doanh số cửa hàng online tăng lên đáng kể,,,yes,chỉ truy cập qua đoạn trích tìm kiếm; văn phong khuôn mẫu; chưa xác minh độc lập
M-V222,M-S202,WMS – lớp thầy Trần Trí Dũng,actual_learner,Business Development Manager,,,,,,,,,,,Muốn làm sale giỏi phải biết marketing.,,yes,lời kể rất ngắn; do NCC đăng tải và chọn lọc; người kể: Phan Bá Thông — Business Development Manager (theo trang gốc wms.vn)
