"Region","học marketing","khóa học marketing","học digital marketing","marketing thực chiến","AI marketing"
"Kon Tum",100,0,0,0,0
"Bắc Kạn",100,0,0,0,0
"Bình Thuận",89,0,5,0,6
"Hậu Giang",89,0,0,0,11
"Quảng Ngãi",87,2,5,0,6
"Phú Yên",87,0,7,0,6
"Quảng Trị",87,0,6,0,7
"Ninh Thuận",86,0,5,0,9
"Bến Tre",86,0,4,0,10
"Cà Mau",86,0,0,0,14
"Đăk Nông",85,0,7,0,8
"Bình Phước",85,0,6,0,9
"Đồng Tháp",84,3,5,0,8
"Bình Định",84,1,6,0,9
"Trà Vinh",84,0,7,0,9
"tỉnh Kiên Giang",84,0,6,0,10
"Lào Cai",84,0,0,0,16
"Hòa Bình",84,0,0,0,16
"Ninh Bình",83,0,9,0,8
"Sóc Trăng",83,0,5,0,12
"Tiền Giang",82,3,6,0,9
"Tây Ninh",82,0,5,0,13
"Bà Rịa - Vũng Tàu",81,3,6,0,10
"An Giang",81,3,5,0,11
"Long An",81,2,5,0,12
"Bạc Liêu",81,0,7,0,12
"Vĩnh Long",81,0,6,0,13
"Hà Tĩnh",81,0,4,0,15
"Đắk Lắk",80,2,9,0,9
"Lâm Đồng",79,3,6,0,12
"Yên Bái",79,0,10,0,11
"Thái Bình",78,3,8,0,11
"Nam Định",77,3,5,0,15
"Quảng Bình",77,0,8,0,15
"Hà Nam",77,0,7,0,16
"Nghệ An",76,4,6,0,14
"Gia Lai",76,2,6,0,16
"Khánh Hòa",76,2,5,2,15
"Lạng Sơn",76,0,0,0,24
"Hải Dương",75,4,10,0,11
"Quảng Ninh",75,0,5,0,20
"Thanh Hoá",74,3,6,2,15
"Đồng Nai",74,3,6,2,15
"Vĩnh Phúc",73,4,5,0,18
"Thừa Thiên Huế",72,3,6,0,19
"Bắc Giang",71,0,8,0,21
"Sơn La",71,0,0,0,29
"Bình Dương",70,6,7,2,15
"Hưng Yên",70,5,5,0,20
"Điện Biên",70,0,0,0,30
"Quảng Nam",69,8,6,0,17
"Phú Thọ",69,4,5,0,22
"Tuyên Quang",68,7,0,0,25
"Hồ Chí Minh",67,5,6,2,20
"Thái Nguyên",67,3,7,5,18
"Cần Thơ",66,3,6,5,20
"Hải Phòng",65,2,7,1,25
"Bắc Ninh",64,3,8,0,25
"Hà Giang",63,0,0,0,37
"Hà Nội",60,6,7,3,24
"Đà Nẵng",59,7,9,4,21
"Lai Châu",59,0,0,0,41
"Cao Bằng",49,0,0,0,51