"query","search interest","increase percent"
"đại học marketing",100,"1%"
"tài chính marketing",65,"-8%"
"đại học tài chính",56,"-10%"
"đại học tài chính marketing",55,"-20%"
"trường đại học",54,"-8%"
"trường đại học marketing",54,"-10%"
"ngành marketing",49,"-6%"
"marketing học gì",35,"-4%"
"trường tài chính marketing",34,"-10%"
"trường đại học tài chính marketing",31,"-10%"
"marketing là gì",21,"-8%"
"đại học kinh tế",19,"-30%"
"đại học kinh tế marketing",19,"-30%"
"tài chính marketing điểm chuẩn",18,"-20%"
"điểm chuẩn tài chính marketing",17,"-30%"
"ngành marketing học gì",17,"-1%"
"đại học tài chính marketing điểm chuẩn",17,"-30%"
"điểm chuẩn đại học tài chính marketing",16,"-30%"
"digital marketing",16,"1%"
"marketing học trường nào",16,"-20%"
"học digital marketing",15,"-5%"
"marketing học trường gì",14,"-6%"
"các ngành đại học",11,"-20%"
"khóa học marketing",11,"30%"
"đại học kinh tế tài chính",11,"-30%"
"đại học hà nội",10,"-20%"
"quản trị marketing",10,"-10%"
"đại học kinh tế tài chính marketing",10,"-30%"
"điểm chuẩn trường đại học tài chính marketing",10,"-30%"
"marketing là ngành gì",10,"-6%"
"ngành marketing học trường nào",9,"-20%"
"ngành marketing là gì",9,"-8%"
"trường đại học tài chính marketing điểm chuẩn",9,"-30%"
"truyền thông marketing",8,"30%"
"đại học quốc tế",8,"-20%"
"đại học tài chính marketing tphcm",8,"-20%"
"đại học mở",7,"-30%"
"đại học ngân hàng",6,"-30%"
"marketing học khối nào",6,"-20%"
"ufm",6,"30%"
"đại học công nghiệp",6,"-40%"
"tài chính ngân hàng",6,"-30%"
"ueh",6,"8%"
"học phí đại học tài chính marketing",5,"-50%"
"đại học tài chính marketing học phí",5,"-50%"
"đại học tài chính marketing xét học bạ",5,"-40%"
"đại học công thương",5,"60%"
"quản trị kinh doanh",5,"-30%"
"đại học tài chính ngân hàng",5,"-40%"
"đại học thương mại",5,"-30%"