"Time","học marketing","khóa học marketing","học digital marketing","marketing thực chiến","AI marketing"
"2023-09-01",45,3,5,2,5
"2023-10-01",35,4,5,2,6
"2023-11-01",32,3,4,2,5
"2023-12-01",32,3,4,2,4
"2024-01-01",37,5,5,2,6
"2024-02-01",38,3,4,1,5
"2024-03-01",52,4,6,3,7
"2024-04-01",52,3,6,2,6
"2024-05-01",54,3,6,2,5
"2024-06-01",63,3,6,2,6
"2024-07-01",88,4,8,1,7
"2024-08-01",65,4,6,1,7
"2024-09-01",39,3,5,2,7
"2024-10-01",33,4,3,2,7
"2024-11-01",30,4,4,2,7
"2024-12-01",27,3,4,2,7
"2025-01-01",26,3,3,1,7
"2025-02-01",42,5,6,1,8
"2025-03-01",39,5,4,1,10
"2025-04-01",34,3,4,1,8
"2025-05-01",44,4,4,1,10
"2025-06-01",59,3,5,1,17
"2025-07-01",100,3,7,2,12
"2025-08-01",71,4,5,1,9
"2025-09-01",41,2,3,1,7
"2025-10-01",27,2,3,1,7
"2025-11-01",29,2,2,2,20
"2025-12-01",31,4,3,1,22
"2026-01-01",28,5,2,1,17
"2026-02-01",23,3,2,1,18
"2026-03-01",33,2,3,1,26
"2026-04-01",37,1,3,1,25
"2026-05-01",47,2,4,1,23
"2026-06-01",62,2,4,1,22
"2026-07-01",64,2,4,1,19
"2026-08-01",60,2,2,1,15
"2026-09-01",29,2,2,1,27