"Region","học marketing"
"Hồ Chí Minh",100
"Bình Định",92
"Quảng Ngãi",83
"Phú Yên",81
"Gia Lai",78
"Đăk Nông",75
"Đắk Lắk",74
"Lâm Đồng",69
"Tiền Giang",68
"Bình Thuận",66
"Bình Phước",65
"Ninh Thuận",63
"Long An",63
"Bà Rịa - Vũng Tàu",63
"Quảng Nam",60
"Đồng Nai",60
"Bến Tre",60
"Khánh Hòa",58
"Bình Dương",57
"Hà Nội",57
"Quảng Trị",54
"Đà Nẵng",53
"Kon Tum",51
"Ninh Bình",50
"Nam Định",50
"Thái Bình",48
"Đồng Tháp",48
"Thừa Thiên Huế",47
"Hưng Yên",47
"Hà Nam",46
"Hà Tĩnh",44
"Bạc Liêu",44
"Cần Thơ",44
"An Giang",42
"Vĩnh Long",42
"Cà Mau",41
"Vĩnh Phúc",41
"tỉnh Kiên Giang",40
"Yên Bái",39
"Thanh Hoá",39
"Tây Ninh",39
"Hải Dương",39
"Nghệ An",38
"Quảng Bình",38
"Trà Vinh",37
"Thái Nguyên",35
"Sóc Trăng",34
"Hải Phòng",34
"Quảng Ninh",33
"Phú Thọ",33
"Hòa Bình",32
"Bắc Giang",32
"Bắc Ninh",31
"Tuyên Quang",30
"Lào Cai",29
"Hậu Giang",27
"Lạng Sơn",25
"Bắc Kạn",25
"Sơn La",22
"Hà Giang",20
"Lai Châu",19
"Điện Biên",18
"Cao Bằng",10