"Time","marketing thực chiến"
"2023-09-01",56
"2023-10-01",73
"2023-11-01",68
"2023-12-01",63
"2024-01-01",52
"2024-02-01",28
"2024-03-01",100
"2024-04-01",52
"2024-05-01",56
"2024-06-01",66
"2024-07-01",36
"2024-08-01",45
"2024-09-01",50
"2024-10-01",74
"2024-11-01",56
"2024-12-01",54
"2025-01-01",42
"2025-02-01",34
"2025-03-01",48
"2025-04-01",41
"2025-05-01",39
"2025-06-01",41
"2025-07-01",49
"2025-08-01",41
"2025-09-01",37
"2025-10-01",32
"2025-11-01",62
"2025-12-01",47
"2026-01-01",46
"2026-02-01",23
"2026-03-01",34
"2026-04-01",44
"2026-05-01",40
"2026-06-01",35
"2026-07-01",27
"2026-08-01",24
"2026-09-01",31