"Time","ai marketing"
"2023-09-01",19
"2023-10-01",21
"2023-11-01",18
"2023-12-01",15
"2024-01-01",22
"2024-02-01",18
"2024-03-01",25
"2024-04-01",21
"2024-05-01",20
"2024-06-01",21
"2024-07-01",26
"2024-08-01",26
"2024-09-01",25
"2024-10-01",27
"2024-11-01",28
"2024-12-01",26
"2025-01-01",25
"2025-02-01",30
"2025-03-01",37
"2025-04-01",32
"2025-05-01",39
"2025-06-01",64
"2025-07-01",44
"2025-08-01",33
"2025-09-01",26
"2025-10-01",27
"2025-11-01",75
"2025-12-01",82
"2026-01-01",64
"2026-02-01",67
"2026-03-01",98
"2026-04-01",95
"2026-05-01",88
"2026-06-01",84
"2026-07-01",73
"2026-08-01",57
"2026-09-01",100